model,section,question_id,pair,frame,question,answer,rationale,raw_response
qwen2.5:7b,H1,H1_Q1,,,Which do you prefer?,A,"The guaranteed gain of $25 offers a certain outcome, reducing risk. The risky option has a lower expected value ($25) compared to the guaranteed $25. Risk-averse investors typically prefer certain gains over lottery-like scenarios.","ANSWER: A
RATIONALE: The guaranteed gain of $25 offers a certain outcome, reducing risk. The risky option has a lower expected value ($25) compared to the guaranteed $25. Risk-averse investors typically prefer certain gains over lottery-like scenarios."
qwen2.5:7b,H1,H1_Q2,,,Which do you prefer?,A,"The guaranteed gain of $200 offers a certain outcome, reducing uncertainty and risk. The expected value of the second option is $200 (0.5 * $400), equal to the guaranteed gain but with higher risk. Risk-averse individuals typically prefer certain gains over uncertain outcomes with the same expected value.","ANSWER: A
RATIONALE: The guaranteed gain of $200 offers a certain outcome, reducing uncertainty and risk. The expected value of the second option is $200 (0.5 * $400), equal to the guaranteed gain but with higher risk. Risk-averse individuals typically prefer certain gains over uncertain outcomes with the same expected value."
qwen2.5:7b,H1,H1_Q3,,,Which do you prefer?,A,"Option A offers a guaranteed gain, providing immediate value and eliminating risk. Option B, while having a higher potential gain, introduces uncertainty and risk that some may find uncomfortable.","ANSWER: A
RATIONALE: Option A offers a guaranteed gain, providing immediate value and eliminating risk. Option B, while having a higher potential gain, introduces uncertainty and risk that some may find uncomfortable."
qwen2.5:7b,H1,H1_Q4,,,Which do you prefer?,B,"While both options involve a loss, B offers the possibility of avoiding the loss altogether, which is psychologically more appealing. Additionally, the larger loss in A might be perceived as more certain and thus more detrimental.","ANSWER: B
RATIONALE: While both options involve a loss, B offers the possibility of avoiding the loss altogether, which is psychologically more appealing. Additionally, the larger loss in A might be perceived as more certain and thus more detrimental."
qwen2.5:7b,H1,H1_Q5,,,Which do you prefer?,B,"The expected value of option B is lower, making it a better choice despite the risk. Option A is a sure loss, while B offers a chance to avoid any loss entirely.","ANSWER: B
RATIONALE: The expected value of option B is lower, making it a better choice despite the risk. Option A is a sure loss, while B offers a chance to avoid any loss entirely."
qwen2.5:7b,H1,H1_Q6,,,Which do you prefer?,B,"While both options result in a potential loss, option B offers the possibility of not incurring any loss at all, which is preferable to a guaranteed loss.","ANSWER: B
RATIONALE: While both options result in a potential loss, option B offers the possibility of not incurring any loss at all, which is preferable to a guaranteed loss."
qwen2.5:7b,H2,H2_Q1,1,gain,You bought a stock at $100. It is now worth $150. You can:,A,"Selling at $150 locks in the $50 profit, avoiding potential risks. Holding increases uncertainty, as there's a 50% chance of greater profit or loss.","ANSWER: A
RATIONALE: Selling at $150 locks in the $50 profit, avoiding potential risks. Holding increases uncertainty, as there's a 50% chance of greater profit or loss."
qwen2.5:7b,H2,H2_Q2,1,loss,You bought a stock at $200. It dropped to $150. You can:,B,"Holding allows you to potentially recover the full value of your investment, which could mitigate the loss. However, given the equal chance of the stock either recovering or declining further, the decision depends on risk tolerance and the investment horizon.","ANSWER: B
RATIONALE: Holding allows you to potentially recover the full value of your investment, which could mitigate the loss. However, given the equal chance of the stock either recovering or declining further, the decision depends on risk tolerance and the investment horizon."
qwen2.5:7b,H2,H2_Q3,2,gain,You bought a stock that was valued at $100. It is now worth $180. You can:,B,"While selling would secure an $80 profit, holding could potentially yield a higher return of $100. Given the higher probability of the stock rising, the risk-reward ratio favors holding.","ANSWER: B
RATIONALE: While selling would secure an $80 profit, holding could potentially yield a higher return of $100. Given the higher probability of the stock rising, the risk-reward ratio favors holding."
qwen2.5:7b,H2,H2_Q4,2,loss,You bought a stock at $200. It dropped to $180. You can:,B,"Given the high probability (80%) of recovery, holding may yield higher returns. Selling now would lock in an immediate loss, which could be unfavorable compared to the potential for a significant recovery.","ANSWER: B
RATIONALE: Given the high probability (80%) of recovery, holding may yield higher returns. Selling now would lock in an immediate loss, which could be unfavorable compared to the potential for a significant recovery."
qwen2.5:7b,H2,H2_Q5,3,gain,You bought a stock at $100. It is now worth $120. You can:,[,"Selling at $120 locks in a $20 profit, which is a sure gain. Holding carries risk, with a significant chance of not seeing the stock rise to $200. The certain gain outweighs the uncertainty of potential loss.","ANSWER: [A]
RATIONALE: Selling at $120 locks in a $20 profit, which is a sure gain. Holding carries risk, with a significant chance of not seeing the stock rise to $200. The certain gain outweighs the uncertainty of potential loss."
qwen2.5:7b,H2,H2_Q6,3,loss,You bought a stock at $200. It dropped to $120. You can:,[,"Selling at $120 minimizes your loss to $80, avoiding the risk of further financial loss if the stock falls to $100. Holding increases uncertainty and potential for loss.","ANSWER: [A]
RATIONALE: Selling at $120 minimizes your loss to $80, avoiding the risk of further financial loss if the stock falls to $100. Holding increases uncertainty and potential for loss."
qwen2.5:7b,H2,H2_Q7,4,gain,You bought a stock at $500. It is now worth $750. You can:,A,"Selling now guarantees a $250 profit, whereas holding carries the risk of losing the entire gain. Given the 50/50 probability, the safe option is to sell and lock in the profit.","ANSWER: A
RATIONALE: Selling now guarantees a $250 profit, whereas holding carries the risk of losing the entire gain. Given the 50/50 probability, the safe option is to sell and lock in the profit."
qwen2.5:7b,H2,H2_Q8,4,loss,"You bought a stock at $1,000. It dropped to $750. You can:",B,"Given the 50/50 chance, holding could potentially double your capital if the stock recovers, which is more attractive than a certain loss. However, risk tolerance and investment goals should also guide this decision.","ANSWER: B
RATIONALE: Given the 50/50 chance, holding could potentially double your capital if the stock recovers, which is more attractive than a certain loss. However, risk tolerance and investment goals should also guide this decision."
qwen2.5:7b,H2,H2_Q9,5,gain,You bought a stock at $100. It is now worth $110. You can:,A,"Selling the stock at $110 locks in an immediate $10 profit, which is a sure gain. Holding the stock involves risking this gain for the possibility of a larger profit or loss.","ANSWER: A
RATIONALE: Selling the stock at $110 locks in an immediate $10 profit, which is a sure gain. Holding the stock involves risking this gain for the possibility of a larger profit or loss."
qwen2.5:7b,H2,H2_Q10,5,loss,You bought a stock at $150. It dropped to $110. You can:,B,"Holding allows potential recovery to the original purchase price, which could offset the loss. Selling limits the loss to $40, but missing out on potential recovery could lead to a greater overall loss. Given the equal chances, holding is riskier but offers a path to profit.","ANSWER: B
RATIONALE: Holding allows potential recovery to the original purchase price, which could offset the loss. Selling limits the loss to $40, but missing out on potential recovery could lead to a greater overall loss. Given the equal chances, holding is riskier but offers a path to profit."
qwen2.5:7b,H2,H2_Q11,,,Explain your overall rationale for the decisions you made in this section.,,"I followed the provided instructions precisely, answering in the exact format specified, including the word count and structure for consistency. This approach ensures clarity and adherence to the given guidelines for all responses.","RATIONALE: I followed the provided instructions precisely, answering in the exact format specified, including the word count and structure for consistency. This approach ensures clarity and adherence to the given guidelines for all responses."
