run_id,model,section,question_id,pair,frame,question,answer,rationale,raw_response
3,llama3.1:8b,H1,H1_Q1,,,Which do you prefer?,A,"I prefer the guaranteed gain of $25 because it provides a certain and predictable outcome, which is less risky compared to option B. The uncertainty of option B, with a 75% chance of gaining nothing, outweighs the potential for a larger gain. This is because the expected value of option B is $25, which is the same as the guaranteed gain in option A, but option A has a lower risk of not meeting its promised outcome.","ANSWER: A
RATIONALE: I prefer the guaranteed gain of $25 because it provides a certain and predictable outcome, which is less risky compared to option B. The uncertainty of option B, with a 75% chance of gaining nothing, outweighs the potential for a larger gain. This is because the expected value of option B is $25, which is the same as the guaranteed gain in option A, but option A has a lower risk of not meeting its promised outcome."
3,llama3.1:8b,H1,H1_Q2,,,Which do you prefer?,B,"I prefer option B because it has the potential for a higher return on investment, which can lead to greater long-term growth. The expected value of option B is $200, which is the same as option A, but the potential upside is significantly higher. In a risk-neutral environment, the expected return is the same as the certain return, so I would choose the option with the higher potential upside, which is option B.","ANSWER: B
RATIONALE: I prefer option B because it has the potential for a higher return on investment, which can lead to greater long-term growth. The expected value of option B is $200, which is the same as option A, but the potential upside is significantly higher. In a risk-neutral environment, the expected return is the same as the certain return, so I would choose the option with the higher potential upside, which is option B."
3,llama3.1:8b,H1,H1_Q3,,,Which do you prefer?,B,"I prefer option B because it has a higher potential return on investment, with a 90% chance to gain $100, resulting in a potential gain of $90. In contrast, option A offers a guaranteed gain of $85, but it does not take into account the potential for higher returns. Overall, I believe the potential for higher returns outweighs the certainty of a lower return.","ANSWER: B
RATIONALE: I prefer option B because it has a higher potential return on investment, with a 90% chance to gain $100, resulting in a potential gain of $90. In contrast, option A offers a guaranteed gain of $85, but it does not take into account the potential for higher returns. Overall, I believe the potential for higher returns outweighs the certainty of a lower return."
3,llama3.1:8b,H1,H1_Q4,,,Which do you prefer?,A,"I prefer option A because it provides a certain outcome, eliminating any uncertainty or risk. In contrast, option B has a 10% chance of no loss, which is not a guarantee and introduces an element of unpredictability. This level of uncertainty makes option B less desirable when comparing the two options.","ANSWER: A
RATIONALE: I prefer option A because it provides a certain outcome, eliminating any uncertainty or risk. In contrast, option B has a 10% chance of no loss, which is not a guarantee and introduces an element of unpredictability. This level of uncertainty makes option B less desirable when comparing the two options."
3,llama3.1:8b,H1,H1_Q5,,,Which do you prefer?,B,"I prefer option B because it gives me a 75% chance of incurring no loss, which is a more favorable outcome. Although there is a 25% chance of losing $100, the potential loss is higher in option A, making option B the more appealing choice. By considering the probabilities and potential outcomes, I can make a more informed decision that minimizes risk.","ANSWER: B
RATIONALE: I prefer option B because it gives me a 75% chance of incurring no loss, which is a more favorable outcome. Although there is a 25% chance of losing $100, the potential loss is higher in option A, making option B the more appealing choice. By considering the probabilities and potential outcomes, I can make a more informed decision that minimizes risk."
3,llama3.1:8b,H1,H1_Q6,,,Which do you prefer?,B,"I prefer option B because it provides a 50% chance to avoid any loss, which is a more favorable outcome compared to the guaranteed loss of $200 in option A. Additionally, the potential loss of $400 in option B is offset by the possibility of losing nothing, making it a more acceptable risk. By considering the probability of the outcomes, I conclude that option B is a more reasonable choice.","ANSWER: B
RATIONALE: I prefer option B because it provides a 50% chance to avoid any loss, which is a more favorable outcome compared to the guaranteed loss of $200 in option A. Additionally, the potential loss of $400 in option B is offset by the possibility of losing nothing, making it a more acceptable risk. By considering the probability of the outcomes, I conclude that option B is a more reasonable choice."
3,llama3.1:8b,H2,H2_Q1,1,gain,You bought a stock at $100. It is now worth $150. You can:,B,"I choose to hold the stock because the potential for a higher return ($200) outweighs the potential loss (falling back to $100), as the stock has already increased by 50%. Selling now would lock in a gain of $50, but I believe there's a higher probability of further growth given the stock's momentum. By holding, I'm willing to take on the risk of a potential loss in order to capture a potentially higher return.","ANSWER: B
RATIONALE: I choose to hold the stock because the potential for a higher return ($200) outweighs the potential loss (falling back to $100), as the stock has already increased by 50%. Selling now would lock in a gain of $50, but I believe there's a higher probability of further growth given the stock's momentum. By holding, I'm willing to take on the risk of a potential loss in order to capture a potentially higher return."
3,llama3.1:8b,H2,H2_Q2,1,loss,You bought a stock at $200. It dropped to $150. You can:,B,"I would choose to hold the stock because the potential reward of a 33% gain ($50) outweighs the potential loss of a further 25% drop ($50), given the 50% chance of recovery and 50% chance of further decline. This is a gamble that I am willing to take, as the potential upside is significant. By holding the stock, I am exercising a form of ""option discipline"" where I lock in my losses and give the stock a chance to recover.","ANSWER: B
RATIONALE: I would choose to hold the stock because the potential reward of a 33% gain ($50) outweighs the potential loss of a further 25% drop ($50), given the 50% chance of recovery and 50% chance of further decline. This is a gamble that I am willing to take, as the potential upside is significant. By holding the stock, I am exercising a form of ""option discipline"" where I lock in my losses and give the stock a chance to recover."
3,llama3.1:8b,H2,H2_Q3,2,gain,You bought a stock that was valued at $100. It is now worth $180. You can:,B,"I choose to hold the stock because the potential upside of an 80% chance to reach $200 is substantial, offering a potential gain of $20, which outweighs the potential loss of $80. Additionally, the 20% chance of the stock falling back to $100 is a manageable risk, especially considering the stock's overall upward trend. By holding the stock, I am allowing for the potential of higher returns, rather than locking in a profit that may not be the maximum possible.","ANSWER: B
RATIONALE: I choose to hold the stock because the potential upside of an 80% chance to reach $200 is substantial, offering a potential gain of $20, which outweighs the potential loss of $80. Additionally, the 20% chance of the stock falling back to $100 is a manageable risk, especially considering the stock's overall upward trend. By holding the stock, I am allowing for the potential of higher returns, rather than locking in a profit that may not be the maximum possible."
3,llama3.1:8b,H2,H2_Q4,2,loss,You bought a stock at $200. It dropped to $180. You can:,B,"I choose to hold the stock because the potential upside of recovering to $200 outweighs the potential downside of falling to $100, given the higher probability of recovery. The 80% chance of recovering to $200 suggests a significant likelihood of regaining the lost $20, making the risk of holding more manageable. Additionally, selling now would crystallize the loss, whereas holding open the possibility of a potential gain.","ANSWER: B
RATIONALE: I choose to hold the stock because the potential upside of recovering to $200 outweighs the potential downside of falling to $100, given the higher probability of recovery. The 80% chance of recovering to $200 suggests a significant likelihood of regaining the lost $20, making the risk of holding more manageable. Additionally, selling now would crystallize the loss, whereas holding open the possibility of a potential gain."
3,llama3.1:8b,H2,H2_Q5,3,gain,You bought a stock at $100. It is now worth $120. You can:,B,"Selling the stock at $120 would lock in the $20 gain, but it also means missing out on the potential for a higher return if the stock price rises to $200. Considering the 20% chance of a higher return, it's worth holding onto the stock to capture this potential upside, even if it means accepting the risk of a 80% chance of it falling back to $100. This decision prioritizes the potential for higher returns over guaranteed gains.","ANSWER: B
RATIONALE: Selling the stock at $120 would lock in the $20 gain, but it also means missing out on the potential for a higher return if the stock price rises to $200. Considering the 20% chance of a higher return, it's worth holding onto the stock to capture this potential upside, even if it means accepting the risk of a 80% chance of it falling back to $100. This decision prioritizes the potential for higher returns over guaranteed gains."
3,llama3.1:8b,H2,H2_Q6,3,loss,You bought a stock at $200. It dropped to $120. You can:,B,"I choose to hold the stock because I believe that the potential for recovery outweighs the risk of further decline. Although the stock has dropped significantly, there are instances of companies rebounding and surpassing their previous prices. By holding onto the stock, I will give it time to potentially recover, rather than locking in the loss.","ANSWER: B
RATIONALE: I choose to hold the stock because I believe that the potential for recovery outweighs the risk of further decline. Although the stock has dropped significantly, there are instances of companies rebounding and surpassing their previous prices. By holding onto the stock, I will give it time to potentially recover, rather than locking in the loss."
3,llama3.1:8b,H2,H2_Q7,4,gain,You bought a stock at $500. It is now worth $750. You can:,A,"Selling the stock now locks in a $250 gain, providing a guaranteed profit, which is a conservative and prudent approach. Holding the stock carries risk, as there is a 50% chance it could fall back to $500, erasing the gain. The potential upside of reaching $1,000 is uncertain and does not outweigh the certainty of the gain.","ANSWER: A
RATIONALE: Selling the stock now locks in a $250 gain, providing a guaranteed profit, which is a conservative and prudent approach. Holding the stock carries risk, as there is a 50% chance it could fall back to $500, erasing the gain. The potential upside of reaching $1,000 is uncertain and does not outweigh the certainty of the gain."
3,llama3.1:8b,H2,H2_Q8,4,loss,"You bought a stock at $1,000. It dropped to $750. You can:",B,"I choose to hold the stock because I believe the potential for recovery outweighs the potential for further decline. Holding the stock allows me to capture a potential 33.3% gain if it recovers to $1,000, whereas selling would result in a 25% loss. By holding, I am betting on the stock's underlying value and the market's ability to recover, rather than locking in a loss.","ANSWER: B
RATIONALE: I choose to hold the stock because I believe the potential for recovery outweighs the potential for further decline. Holding the stock allows me to capture a potential 33.3% gain if it recovers to $1,000, whereas selling would result in a 25% loss. By holding, I am betting on the stock's underlying value and the market's ability to recover, rather than locking in a loss."
3,llama3.1:8b,H2,H2_Q9,5,gain,You bought a stock at $100. It is now worth $110. You can:,A,"Selling the stock at $110 locks in the $10 gain, providing a guaranteed return on investment. Holding the stock, even with a 50% chance of it rising to $150, also carries a 50% chance of it falling back to $100, eliminating the potential for a profit. Given the uncertainty of the stock's future value, it is prudent to take the guaranteed gain rather than risking a potential loss.","ANSWER: A
RATIONALE: Selling the stock at $110 locks in the $10 gain, providing a guaranteed return on investment. Holding the stock, even with a 50% chance of it rising to $150, also carries a 50% chance of it falling back to $100, eliminating the potential for a profit. Given the uncertainty of the stock's future value, it is prudent to take the guaranteed gain rather than risking a potential loss."
3,llama3.1:8b,H2,H2_Q10,5,loss,You bought a stock at $150. It dropped to $110. You can:,B,"I choose to hold the stock because selling now would lock in a loss of $40, which could be avoided if the stock recovers. Holding the stock also preserves the potential for a future gain if the company's fundamentals improve and the stock price recovers. The 50-50 chance of recovery to $150 or a further decline to $100 is a risk, but the potential upside outweighs the potential for further loss.","ANSWER: B
RATIONALE: I choose to hold the stock because selling now would lock in a loss of $40, which could be avoided if the stock recovers. Holding the stock also preserves the potential for a future gain if the company's fundamentals improve and the stock price recovers. The 50-50 chance of recovery to $150 or a further decline to $100 is a risk, but the potential upside outweighs the potential for further loss."
3,llama3.1:8b,H2,H2_Q11,,,Explain your overall rationale for the decisions you made in this section.,,"I approached these decisions with a focus on long-term financial stability and growth, prioritizing investments that have a proven track record of returns and are less susceptible to market volatility. I considered factors such as risk tolerance, liquidity, and alignment with overall investment objectives to make informed decisions. By carefully weighing these factors, I aimed to balance potential returns with the need for prudent risk management.","RATIONALE: I approached these decisions with a focus on long-term financial stability and growth, prioritizing investments that have a proven track record of returns and are less susceptible to market volatility. I considered factors such as risk tolerance, liquidity, and alignment with overall investment objectives to make informed decisions. By carefully weighing these factors, I aimed to balance potential returns with the need for prudent risk management."
